-- Full seed data: 30 holders, 50 policies, 120 claims
-- Run in a Snowflake worksheet as ACCOUNTADMIN or SYSADMIN

USE DATABASE INSURANCE_DB;
USE SCHEMA CLAIMS;

-- Clear existing data (FK-safe order)
DELETE FROM FACT_CLAIMS;
DELETE FROM DIM_POLICY;
DELETE FROM DIM_POLICY_HOLDER;

INSERT INTO DIM_POLICY_HOLDER
  (policy_holder_id,full_name,gender,date_of_birth,region,state,city,agent_id)
VALUES
  (1,'Alice Sharma','Female','1980-04-12','North','New York','Albany',NULL),
  (2,'Bob Tremblay','Male','1975-09-30','East','Massachusetts','Boston',NULL),
  (3,'Carol Diaz','Female','1990-01-22','South','Texas','Houston',NULL),
  (4,'David Okafor','Male','1968-11-05','West','California','Los Angeles',NULL),
  (5,'Eva Chen','Female','1995-07-18','West','Washington','Seattle',NULL),
  (6,'Frank Johnson','Male','1972-03-15','North','New York','New York City',NULL),
  (7,'Grace Kim','Female','1988-08-24','West','California','San Francisco',NULL),
  (8,'Henry Williams','Male','1965-12-01','South','Florida','Miami',NULL),
  (9,'Isabel Rodriguez','Female','1983-06-30','South','Georgia','Atlanta',NULL),
  (10,'James Lee','Male','1992-02-14','West','Oregon','Portland',NULL),
  (11,'Karen Patel','Female','1978-09-07','North','New Jersey','Newark',NULL),
  (12,'Liam Brown','Male','1985-04-19','East','Maryland','Baltimore',NULL),
  (13,'Maria Gonzalez','Female','1991-11-28','South','North Carolina','Charlotte',NULL),
  (14,'Nathan Davis','Male','1970-07-03','North','Pennsylvania','Philadelphia',NULL),
  (15,'Olivia Wilson','Female','1987-01-16','West','Colorado','Denver',NULL),
  (16,'Peter Martinez','Male','1963-05-22','South','Virginia','Richmond',NULL),
  (17,'Quinn Thompson','Female','1994-10-09','East','Rhode Island','Providence',NULL),
  (18,'Robert Anderson','Male','1958-03-17','North','Connecticut','Hartford',NULL),
  (19,'Sarah Jackson','Female','1986-08-12','South','Texas','Dallas',NULL),
  (20,'Thomas White','Male','1979-12-25','West','Arizona','Phoenix',NULL),
  (21,'Uma Harris','Female','1993-04-05','North','New York','Buffalo',NULL),
  (22,'Victor Clark','Male','1967-07-31','East','Maine','Portland',NULL),
  (23,'Wendy Lewis','Female','1982-09-14','South','Florida','Orlando',NULL),
  (24,'Xavier Robinson','Male','1989-02-08','West','California','San Diego',NULL),
  (25,'Yvonne Walker','Female','1976-06-20','North','New Jersey','Jersey City',NULL),
  (26,'Zachary Hall','Male','1984-11-03','East','Vermont','Burlington',NULL),
  (27,'Amanda Young','Female','1997-01-27','South','Georgia','Savannah',NULL),
  (28,'Brian Allen','Male','1971-08-16','West','Washington','Tacoma',NULL),
  (29,'Catherine Scott','Female','1980-03-11','North','Pennsylvania','Pittsburgh',NULL),
  (30,'Daniel Green','Male','1969-10-29','South','North Carolina','Raleigh',NULL);

INSERT INTO DIM_POLICY
  (policy_id,policy_holder_id,insurance_type,plan_name,premium_amount,
   coverage_amount,start_date,end_date,policy_status)
VALUES
  (101,1,'Health','Gold Plan',1200,500000,'2020-01-01',NULL,'Active'),
  (102,2,'Auto','Comprehensive',800,200000,'2019-03-15',NULL,'Active'),
  (103,3,'Home','Standard',600,300000,'2019-06-01',NULL,'Active'),
  (104,4,'Life','Term 20yr',1500,1000000,'2019-01-01','2039-01-01','Active'),
  (105,5,'Health','Silver Plan',900,250000,'2021-01-01',NULL,'Active'),
  (106,1,'Auto','Liability',400,100000,'2020-01-01',NULL,'Active'),
  (107,3,'Health','Bronze Plan',600,150000,'2021-02-01',NULL,'Active'),
  (108,6,'Home','Premium',750,400000,'2018-05-01',NULL,'Active'),
  (109,7,'Auto','Full Coverage',950,250000,'2020-08-01',NULL,'Active'),
  (110,8,'Health','Gold Plan',1200,500000,'2019-04-01',NULL,'Active'),
  (111,9,'Life','Term 30yr',2000,750000,'2018-09-01','2048-09-01','Active'),
  (112,10,'Auto','Comprehensive',700,180000,'2020-11-01',NULL,'Active'),
  (113,11,'Health','Platinum Plan',1800,1000000,'2019-07-01',NULL,'Active'),
  (114,12,'Home','Standard',550,280000,'2020-02-01',NULL,'Active'),
  (115,13,'Auto','Liability',350,80000,'2021-04-01',NULL,'Active'),
  (116,14,'Life','Whole Life',3000,2000000,'2017-01-01',NULL,'Active'),
  (117,15,'Health','Silver Plan',900,250000,'2020-06-01',NULL,'Active'),
  (118,16,'Home','Premium',800,450000,'2019-03-01',NULL,'Active'),
  (119,17,'Auto','Full Coverage',1000,260000,'2021-07-01',NULL,'Active'),
  (120,18,'Health','Bronze Plan',600,150000,'2020-09-01',NULL,'Active'),
  (121,19,'Auto','Comprehensive',750,200000,'2019-12-01',NULL,'Active'),
  (122,20,'Life','Term 20yr',1400,800000,'2018-07-01','2038-07-01','Active'),
  (123,21,'Health','Gold Plan',1200,500000,'2020-04-01',NULL,'Active'),
  (124,22,'Home','Standard',580,290000,'2021-01-01',NULL,'Active'),
  (125,23,'Auto','Liability',380,90000,'2020-10-01',NULL,'Active'),
  (126,24,'Health','Silver Plan',850,230000,'2019-08-01',NULL,'Active'),
  (127,25,'Life','Term 30yr',1800,700000,'2018-11-01','2048-11-01','Active'),
  (128,26,'Auto','Comprehensive',720,190000,'2020-05-01',NULL,'Active'),
  (129,27,'Health','Bronze Plan',580,140000,'2021-03-01',NULL,'Active'),
  (130,28,'Home','Premium',900,500000,'2019-06-01',NULL,'Active'),
  (131,29,'Auto','Full Coverage',980,255000,'2020-12-01',NULL,'Active'),
  (132,30,'Health','Gold Plan',1100,480000,'2019-10-01',NULL,'Active'),
  (133,6,'Auto','Liability',380,85000,'2019-02-01',NULL,'Active'),
  (134,8,'Auto','Comprehensive',780,195000,'2020-07-01',NULL,'Active'),
  (135,10,'Home','Standard',560,270000,'2021-05-01',NULL,'Active'),
  (136,12,'Health','Silver Plan',880,240000,'2020-03-01',NULL,'Active'),
  (137,14,'Auto','Comprehensive',760,185000,'2019-09-01',NULL,'Active'),
  (138,16,'Life','Term 20yr',1350,750000,'2018-04-01','2038-04-01','Active'),
  (139,18,'Auto','Liability',360,82000,'2021-06-01',NULL,'Active'),
  (140,20,'Health','Bronze Plan',570,145000,'2020-08-01',NULL,'Active'),
  (141,22,'Auto','Comprehensive',730,192000,'2019-11-01',NULL,'Active'),
  (142,24,'Life','Term 30yr',1750,680000,'2018-08-01','2048-08-01','Active'),
  (143,26,'Health','Silver Plan',870,235000,'2020-01-01',NULL,'Active'),
  (144,28,'Auto','Liability',370,87000,'2021-04-01',NULL,'Active'),
  (145,4,'Auto','Comprehensive',850,220000,'2020-06-01',NULL,'Active'),
  (146,7,'Health','Gold Plan',1150,490000,'2019-05-01',NULL,'Active'),
  (147,11,'Auto','Liability',390,88000,'2020-11-01',NULL,'Active'),
  (148,15,'Home','Basic',450,200000,'2021-02-01',NULL,'Active'),
  (149,19,'Health','Platinum Plan',1850,1050000,'2020-01-01',NULL,'Active'),
  (150,23,'Life','Term 20yr',1300,700000,'2019-04-01','2039-04-01','Active');

INSERT INTO FACT_CLAIMS
  (claim_id,policy_id,policy_holder_id,claim_date,incident_date,
   claim_amount,approved_amount,claim_status,denial_reason,
   settlement_date,claim_type)
VALUES
  (1001,101,1,'2025-10-31','2025-10-29',9963.97,NULL,'Pending',NULL,NULL,'Medical'),
  (1002,135,10,'2026-07-10','2026-07-09',71605.73,66925.26,'Settled',NULL,'2026-07-26','Fire'),
  (1003,104,4,'2026-05-30','2026-05-25',183569.73,152057.76,'Settled',NULL,'2026-07-14','Medical'),
  (1004,142,24,'2025-03-12','2025-03-07',258375.91,209861.43,'Settled',NULL,'2025-04-23','Medical'),
  (1005,130,28,'2025-09-10','2025-09-05',51434.19,48305.85,'Approved',NULL,NULL,'Natural Disaster'),
  (1006,108,6,'2026-06-20','2026-06-17',14428.09,13969.96,'Settled',NULL,'2026-07-11','Natural Disaster'),
  (1007,134,8,'2025-09-02','2025-08-30',18330.51,16669.18,'Approved',NULL,NULL,'Liability'),
  (1008,101,1,'2026-04-14','2026-04-11',39013.65,38598.26,'Approved',NULL,NULL,'Medical'),
  (1009,145,4,'2025-04-13','2025-04-12',1718.91,1599.7,'Approved',NULL,NULL,'Liability'),
  (1010,145,4,'2025-12-24','2025-12-23',7732.21,7592.18,'Approved',NULL,NULL,'Theft'),
  (1011,101,1,'2026-03-25','2026-03-20',17671.25,16885.43,'Approved',NULL,NULL,'Medical'),
  (1012,145,4,'2025-11-03','2025-11-02',17194.79,17037.28,'Approved',NULL,NULL,'Accident'),
  (1013,118,16,'2025-04-20','2025-04-15',35413.58,30927.29,'Approved',NULL,NULL,'Theft'),
  (1014,106,1,'2025-12-18','2025-12-16',15713.5,14515.34,'Settled',NULL,'2026-01-29','Theft'),
  (1015,116,14,'2025-09-15','2025-09-14',161514.54,139523.49,'Approved',NULL,NULL,'Medical'),
  (1016,107,3,'2025-02-15','2025-02-14',49897.41,44909.34,'Approved',NULL,NULL,'Medical'),
  (1017,116,14,'2025-09-26','2025-09-24',198391.75,190691.1,'Approved',NULL,NULL,'Medical'),
  (1018,109,7,'2025-04-25','2025-04-24',14681.31,0.0,'Denied','Late filing',NULL,'Accident'),
  (1019,106,1,'2026-01-14','2026-01-09',14321.37,NULL,'Pending',NULL,NULL,'Liability'),
  (1020,115,13,'2025-05-11','2025-05-10',4980.2,4260.49,'Settled',NULL,'2025-06-23','Accident'),
  (1021,133,6,'2025-08-04','2025-08-02',22624.73,21494.4,'Approved',NULL,NULL,'Theft'),
  (1022,122,20,'2026-02-21','2026-02-16',238432.55,229472.65,'Approved',NULL,NULL,'Medical'),
  (1023,129,27,'2025-07-01','2025-06-27',51984.66,44380.24,'Approved',NULL,NULL,'Medical'),
  (1024,103,3,'2026-02-26','2026-02-24',94974.45,0.0,'Denied','Claim exceeds coverage limit',NULL,'Fire'),
  (1025,111,9,'2025-04-21','2025-04-17',240464.86,230122.47,'Settled',NULL,'2025-06-02','Medical'),
  (1026,107,3,'2026-04-17','2026-04-14',13968.08,11941.79,'Settled',NULL,'2026-05-27','Medical'),
  (1027,103,3,'2025-07-17','2025-07-13',30636.21,26319.17,'Settled',NULL,'2025-08-28','Fire'),
  (1028,102,2,'2025-10-13','2025-10-10',24221.89,NULL,'Pending',NULL,NULL,'Liability'),
  (1029,101,1,'2026-07-04','2026-07-01',30956.82,NULL,'Pending',NULL,NULL,'Medical'),
  (1030,138,16,'2025-09-25','2025-09-23',52295.69,47301.77,'Settled',NULL,'2025-10-18','Medical'),
  (1031,119,17,'2026-03-21','2026-03-18',4047.46,3882.65,'Approved',NULL,NULL,'Theft'),
  (1032,115,13,'2026-06-08','2026-06-07',11755.26,10671.18,'Approved',NULL,NULL,'Liability'),
  (1033,107,3,'2025-02-15','2025-02-11',12052.66,10247.82,'Approved',NULL,NULL,'Medical'),
  (1034,113,11,'2025-03-13','2025-03-10',22361.91,20397.82,'Settled',NULL,'2025-04-18','Medical'),
  (1035,146,7,'2025-11-04','2025-10-30',43409.45,37144.22,'Settled',NULL,'2025-12-02','Medical'),
  (1036,102,2,'2025-10-30','2025-10-25',10956.41,9016.16,'Settled',NULL,'2025-11-27','Liability'),
  (1037,146,7,'2025-06-28','2025-06-23',56469.53,52819.67,'Approved',NULL,NULL,'Medical'),
  (1038,137,14,'2025-01-01','2024-12-29',14376.52,12838.77,'Approved',NULL,NULL,'Theft'),
  (1039,122,20,'2025-11-26','2025-11-22',240012.47,211096.12,'Settled',NULL,'2026-01-01','Medical'),
  (1040,124,22,'2025-06-23','2025-06-22',63785.01,0.0,'Denied','Claim exceeds coverage limit',NULL,'Natural Disaster'),
  (1041,119,17,'2025-12-10','2025-12-09',17100.57,16634.81,'Approved',NULL,NULL,'Accident'),
  (1042,136,12,'2025-08-19','2025-08-17',40629.5,NULL,'Pending',NULL,NULL,'Medical'),
  (1043,118,16,'2025-09-08','2025-09-04',7808.92,0.0,'Denied','Incident not covered under policy',NULL,'Fire'),
  (1044,147,11,'2025-07-19','2025-07-15',12202.28,10847.68,'Settled',NULL,'2025-08-10','Accident'),
  (1045,135,10,'2025-01-06','2025-01-05',80446.67,0.0,'Denied','Fraudulent documentation',NULL,'Fire'),
  (1046,106,1,'2026-06-15','2026-06-11',5633.34,4557.59,'Settled',NULL,'2026-07-07','Accident'),
  (1047,118,16,'2026-04-21','2026-04-16',57493.11,57388.69,'Approved',NULL,NULL,'Natural Disaster'),
  (1048,105,5,'2026-03-30','2026-03-25',19584.04,0.0,'Denied','Late filing',NULL,'Medical'),
  (1049,101,1,'2026-04-02','2026-03-31',49969.69,48048.27,'Approved',NULL,NULL,'Medical'),
  (1050,141,22,'2025-09-11','2025-09-08',12076.64,11652.41,'Approved',NULL,NULL,'Liability'),
  (1051,110,8,'2025-09-02','2025-08-30',29488.14,25925.3,'Settled',NULL,'2025-10-09','Medical'),
  (1052,128,26,'2025-12-10','2025-12-07',7010.6,6735.4,'Settled',NULL,'2025-12-27','Accident'),
  (1053,125,23,'2026-01-28','2026-01-26',5044.52,0.0,'Denied','Late filing',NULL,'Accident'),
  (1054,139,18,'2026-02-22','2026-02-19',3009.38,2802.91,'Approved',NULL,NULL,'Theft'),
  (1055,115,13,'2026-03-07','2026-03-03',2963.24,NULL,'Pending',NULL,NULL,'Liability'),
  (1056,116,14,'2025-01-21','2025-01-16',284897.37,247424.42,'Settled',NULL,'2025-02-05','Medical'),
  (1057,115,13,'2026-02-04','2026-01-31',8517.4,0.0,'Denied','Incident not covered under policy',NULL,'Liability'),
  (1058,148,15,'2025-08-14','2025-08-10',89482.92,79005.66,'Approved',NULL,NULL,'Theft'),
  (1059,124,22,'2026-02-03','2026-01-31',60848.83,57826.53,'Approved',NULL,NULL,'Theft'),
  (1060,148,15,'2026-04-24','2026-04-22',88280.86,88025.58,'Approved',NULL,NULL,'Natural Disaster'),
  (1061,125,23,'2026-02-08','2026-02-03',2133.71,0.0,'Denied','Incident not covered under policy',NULL,'Liability'),
  (1062,104,4,'2026-03-15','2026-03-13',27588.57,0.0,'Denied','Fraudulent documentation',NULL,'Medical'),
  (1063,123,21,'2026-01-24','2026-01-21',3776.85,3165.37,'Settled',NULL,'2026-02-18','Medical'),
  (1064,110,8,'2026-01-24','2026-01-21',45864.8,0.0,'Denied','Fraudulent documentation',NULL,'Medical'),
  (1065,145,4,'2026-04-27','2026-04-26',21120.41,NULL,'Pending',NULL,NULL,'Liability'),
  (1066,106,1,'2025-12-25','2025-12-23',14176.35,NULL,'Pending',NULL,NULL,'Liability'),
  (1067,104,4,'2025-02-11','2025-02-10',39213.14,NULL,'Pending',NULL,NULL,'Medical'),
  (1068,107,3,'2025-01-21','2025-01-16',12602.15,10427.38,'Settled',NULL,'2025-02-09','Medical'),
  (1069,127,25,'2025-08-12','2025-08-08',207448.48,198096.65,'Approved',NULL,NULL,'Medical'),
  (1070,114,12,'2025-04-28','2025-04-26',24295.75,24167.18,'Approved',NULL,NULL,'Fire'),
  (1071,141,22,'2025-11-16','2025-11-11',15099.09,13920.19,'Settled',NULL,'2025-12-31','Theft'),
  (1072,148,15,'2025-07-23','2025-07-22',50615.26,0.0,'Denied','Incident not covered under policy',NULL,'Natural Disaster'),
  (1073,130,28,'2025-09-06','2025-09-05',100515.74,95950.21,'Approved',NULL,NULL,'Theft'),
  (1074,114,12,'2025-05-04','2025-04-29',102783.72,99432.49,'Approved',NULL,NULL,'Theft'),
  (1075,149,19,'2026-01-15','2026-01-14',32338.52,0.0,'Denied','Incident not covered under policy',NULL,'Medical'),
  (1076,150,23,'2026-03-07','2026-03-03',23542.6,19281.32,'Settled',NULL,'2026-04-21','Medical'),
  (1077,140,20,'2026-04-16','2026-04-14',38426.64,35172.79,'Approved',NULL,NULL,'Medical'),
  (1078,143,26,'2026-07-06','2026-07-02',37262.01,34271.03,'Approved',NULL,NULL,'Medical'),
  (1079,110,8,'2025-09-09','2025-09-08',19880.43,17730.15,'Approved',NULL,NULL,'Medical'),
  (1080,107,3,'2026-04-21','2026-04-16',15236.72,0.0,'Denied','Incident not covered under policy',NULL,'Medical'),
  (1081,110,8,'2026-05-22','2026-05-19',20714.68,0.0,'Denied','Policy lapsed',NULL,'Medical'),
  (1082,102,2,'2025-09-22','2025-09-19',6484.82,5784.13,'Approved',NULL,NULL,'Liability'),
  (1083,128,26,'2025-10-10','2025-10-05',17977.82,NULL,'Pending',NULL,NULL,'Accident'),
  (1084,145,4,'2025-07-15','2025-07-14',13640.74,11505.2,'Settled',NULL,'2025-08-12','Theft'),
  (1085,125,23,'2025-09-04','2025-08-31',14546.64,13774.0,'Approved',NULL,NULL,'Theft'),
  (1086,124,22,'2025-01-18','2025-01-17',56540.07,50554.47,'Approved',NULL,NULL,'Theft'),
  (1087,135,10,'2025-11-10','2025-11-05',84555.52,NULL,'Pending',NULL,NULL,'Theft'),
  (1088,111,9,'2026-06-28','2026-06-25',152512.94,139370.22,'Approved',NULL,NULL,'Medical'),
  (1089,137,14,'2026-04-10','2026-04-07',9767.55,8751.66,'Approved',NULL,NULL,'Accident'),
  (1090,106,1,'2025-07-17','2025-07-14',4335.41,3762.85,'Approved',NULL,NULL,'Liability'),
  (1091,113,11,'2025-07-09','2025-07-07',57091.95,47897.25,'Settled',NULL,'2025-08-08','Medical'),
  (1092,103,3,'2026-06-22','2026-06-17',88327.28,75161.2,'Settled',NULL,'2026-07-10','Fire'),
  (1093,116,14,'2026-01-05','2026-01-03',102949.01,87960.47,'Settled',NULL,'2026-02-11','Medical'),
  (1094,101,1,'2025-02-25','2025-02-20',17039.23,15230.01,'Approved',NULL,NULL,'Medical'),
  (1095,103,3,'2026-05-18','2026-05-17',78355.01,74992.76,'Settled',NULL,'2026-06-20','Theft'),
  (1096,106,1,'2026-03-28','2026-03-25',12530.83,0.0,'Denied','Policy lapsed',NULL,'Accident'),
  (1097,115,13,'2026-05-05','2026-05-04',7433.24,7046.57,'Settled',NULL,'2026-06-01','Theft'),
  (1098,118,16,'2025-02-24','2025-02-22',13519.45,11794.09,'Approved',NULL,NULL,'Natural Disaster'),
  (1099,137,14,'2025-03-29','2025-03-27',23804.45,0.0,'Denied','Pre-existing condition',NULL,'Liability'),
  (1100,149,19,'2025-08-20','2025-08-15',46055.05,41774.54,'Approved',NULL,NULL,'Medical'),
  (1101,117,15,'2026-03-16','2026-03-13',18403.31,0.0,'Denied','Incident not covered under policy',NULL,'Medical'),
  (1102,106,1,'2025-04-12','2025-04-10',15826.33,0.0,'Denied','Late filing',NULL,'Accident'),
  (1103,141,22,'2025-03-25','2025-03-23',7719.18,0.0,'Denied','Policy lapsed',NULL,'Accident'),
  (1104,106,1,'2025-06-10','2025-06-09',14471.82,12641.61,'Settled',NULL,'2025-07-17','Liability'),
  (1105,136,12,'2025-02-03','2025-02-01',28618.82,25562.78,'Approved',NULL,NULL,'Medical'),
  (1106,134,8,'2026-04-10','2026-04-09',18020.21,16645.8,'Settled',NULL,'2026-05-24','Theft'),
  (1107,103,3,'2025-07-22','2025-07-18',95600.22,78455.25,'Settled',NULL,'2025-08-13','Natural Disaster'),
  (1108,108,6,'2025-09-30','2025-09-28',22133.78,17991.53,'Settled',NULL,'2025-10-20','Theft'),
  (1109,138,16,'2025-10-23','2025-10-19',186612.33,162101.37,'Approved',NULL,NULL,'Medical'),
  (1110,134,8,'2025-10-06','2025-10-01',17943.74,16705.57,'Approved',NULL,NULL,'Theft'),
  (1111,107,3,'2025-02-10','2025-02-06',5562.16,5185.14,'Settled',NULL,'2025-03-16','Medical'),
  (1112,110,8,'2025-08-23','2025-08-18',2331.2,2111.33,'Settled',NULL,'2025-09-07','Medical'),
  (1113,104,4,'2025-06-29','2025-06-25',181349.16,0.0,'Denied','Incident not covered under policy',NULL,'Medical'),
  (1114,106,1,'2025-07-05','2025-06-30',23027.71,NULL,'Pending',NULL,NULL,'Theft'),
  (1115,139,18,'2026-05-19','2026-05-18',16417.44,15112.28,'Approved',NULL,NULL,'Theft'),
  (1116,103,3,'2025-04-18','2025-04-16',43330.47,0.0,'Denied','Claim exceeds coverage limit',NULL,'Theft'),
  (1117,107,3,'2025-10-23','2025-10-19',41865.48,39623.24,'Settled',NULL,'2025-11-24','Medical'),
  (1118,123,21,'2025-11-19','2025-11-16',27725.69,0.0,'Denied','Claim exceeds coverage limit',NULL,'Medical'),
  (1119,137,14,'2026-02-18','2026-02-13',24299.34,23661.22,'Approved',NULL,NULL,'Accident'),
  (1120,144,28,'2026-07-10','2026-07-06',16955.02,0.0,'Denied','Fraudulent documentation',NULL,'Accident');

-- Verify
SELECT 'holders' AS tbl, COUNT(*) AS n FROM DIM_POLICY_HOLDER
UNION ALL SELECT 'policies', COUNT(*) FROM DIM_POLICY
UNION ALL SELECT 'claims',   COUNT(*) FROM FACT_CLAIMS;